{
    "magnitude": 8.203976697010367,
    "mu": {
        "x": 6.026139774016003,
        "y": 5.566944679904002,
        "z": 0.0
    },
    "units": "Debye"
}