{
    "magnitude": 2.3424300516479972,
    "mu": {
        "x": 2.3424300516479972,
        "y": 0.0,
        "z": 0.0
    },
    "units": "Debye"
}