{
    "magnitude": 0.4501373567313915,
    "mu": {
        "x": 0.0,
        "y": 0.0,
        "z": -0.4501373567313915
    },
    "units": "Debye"
}