{
    "magnitude": 0.24077505696479917,
    "mu": {
        "x": 0.0,
        "y": 0.0,
        "z": 0.24077505696479917
    },
    "units": "Debye"
}