{
    "magnitude": 4.204440968403004,
    "mu": {
        "x": 4.107662969567999,
        "y": -0.09305335424000037,
        "z": -0.8920593357451524
    },
    "units": "Debye"
}