{
    "magnitude": 0.5416157908763596,
    "mu": {
        "x": 0.0,
        "y": -4.649497600085706e-07,
        "z": 0.5416157908761601
    },
    "units": "Debye"
}