{
  "atoms": [
    "H",
    "H"
  ],
  "base_coords": [
    0.0,
    0.0,
    -0.3707,
    0.0,
    0.0,
    0.3707
  ],
  "modes": [
    {
      "displacements": [
        {
          "dx": 0.7071067811865476,
          "dy": 0.0,
          "dz": 0.0
        },
        {
          "dx": -0.7071067811865476,
          "dy": 0.0,
          "dz": 0.0
        }
      ],
      "frequency_cm-1": 4452.240027482527
    }
  ],
  "n_atoms": 2
}