{
  "atoms": [
    "H",
    "Cl"
  ],
  "base_coords": [
    0.0,
    0.0,
    -0.637275,
    0.0,
    0.0,
    0.637275
  ],
  "modes": [
    {
      "displacements": [
        {
          "dx": 0.0,
          "dy": 0.0,
          "dz": 0.991903598516819
        },
        {
          "dx": 0.0,
          "dy": 0.0,
          "dz": -0.12699311496843127
        }
      ],
      "frequency_cm-1": 2731.3940002790273
    }
  ],
  "n_atoms": 2
}